<?xml version="1.0" encoding="UTF-8"?>
<!DOCTYPE log4j:configuration SYSTEM "log4j.dtd">

<!-- log4j configuration for the test -->

<log4j:configuration xmlns:log4j="http://jakarta.apache.org/log4j/"
	debug="false">

	<appender name="FILE" class="org.apache.log4j.FileAppender">
		<param name="File" value="logs/test.log" />
		<param name="Append" value="true" />
		<param name="Threshold" value="DEBUG" />
		<layout class="org.apache.log4j.PatternLayout">
			<param name="ConversionPattern" value="%d %-5p %m%n" />
		</layout>
	</appender>

	<appender name="CONSOLE" class="org.apache.log4j.ConsoleAppender">
		<param name="Target" value="System.out" />
		<param name="Threshold" value="DEBUG" />
		<param name="encoding" value="UTF-8"/>
		<layout class="org.apache.log4j.PatternLayout">
			<param name="ConversionPattern" value="%d %C{1} %-5p %m%n" />
		</layout>
	</appender>

	<!--  <category name="org.selenium.automationtest.common">
		<priority value="ALL" />
		<appender-ref ref="CONSOLE" />
		<appender-ref ref="FILE" />
	</category>
-->
	<root>
		<level value="INFO" />
		<appender-ref ref="CONSOLE" />
		<appender-ref ref="FILE" />
	</root>

</log4j:configuration>